Done,Label Name,Notes
,Infusible Ink,
,Colored Iron On,
,Black and White Iron On,
,Color Vinyl,
,Vinyl - Pink/Blue,
,Vinyl - Main,
,Vinyl - Other,
,Tools,
,Envelopes,
,Wax Seals,
,Flat Cards,
,Thank You Cards,
,Ribbon,
,Tape,
,Glue,
,Die Cuts,
,Water Bottles,
,Water Bottles - Kids,
,Love Island,
,Stamps,
,Sunglasses,
,Sunglasses - Foil,
,Thank You Ink,
,Clasps,
,Matches,
,Staples,
,Labels,
,Bathing Suits/Coverups,
,Gray's Clothes,
,GRAY,
,Michelle - Memories,
,Michelle - Summer Shoes,
,Michelle - Sweatshirts/Sweaters,
,Michelle - Ski Gear,
,Michelle - Summer Bottoms,
,Michelle - Summer Purses,
,Michelle - Childhood Memories,
,Christmas Ornaments,
,Christmas Decorations,
,Patches,
,Winter Shoes,
,Miscellaneous,
